area,bedrooms,bathrooms,age,parking,price
900,1,1,25,0,47000
1050,2,1,22,0,53000
1250,2,2,17,1,67000
1350,2,1,14,1,69000
1450,3,2,16,1,76000
1550,3,2,13,1,83000
1650,3,2,11,1,90000
1750,3,2,9,2,101000
1850,3,2,12,1,99000
1950,4,2,10,2,112000
2050,4,3,8,2,128000
2150,4,3,7,2,136000
2250,4,3,9,2,137000
2350,4,3,6,2,151000
2450,4,3,5,2,160000
2550,5,3,7,2,166000
2650,5,4,6,3,181000
2750,5,3,8,2,177000
2850,5,4,4,3,198000
2950,5,4,6,3,200000
3050,5,4,3,3,218000
3150,6,4,5,3,221000
3250,6,4,4,3,239000
3350,6,5,3,4,255000
3450,6,4,2,3,258000
3550,6,5,4,4,267000
3650,6,5,2,4,289000
3750,7,5,3,4,300000
3850,6,5,2,4,315000
3950,7,5,1,4,325000
1150,2,1,19,1,59000
1280,2,2,15,1,70000
1380,3,2,18,1,72000
1480,3,2,11,1,82000
1580,3,2,8,1,93000
1680,3,2,5,2,105000
1780,4,2,14,2,108000
1880,4,3,9,2,121000
1980,4,3,4,2,137000
2080,4,3,3,2,145000
2180,4,3,12,2,133000
2280,5,3,8,2,151000
2380,5,4,5,3,169000
2480,5,3,4,2,174000
2580,5,4,2,3,188000
2680,5,4,9,3,180000
2780,6,4,6,3,199000
2880,6,4,3,3,215000
2980,6,5,2,4,235000
3080,6,5,1,4,248000